﻿<?xml version="1.0" encoding="UTF-8"?>
<Pedidos xmlns:xsi="http://www.w3.org/2001/XMLSchema-instance" xsi:noNamespaceSchemaLocation="Pedidos.xsd">
    <Pedido idorden="001">
          <Remitente>
            <Receptor>
                <Nombre>Graciela Gutierrez</Nombre>
                <Direccion>Avenida de Andalucia 13</Direccion>
                <Ciudad>Badajoz</Ciudad>
                <Pais>Espania</Pais>
            </Receptor>
        </Remitente>
        <Libro>
            <Titulo>Lazarillo de Tormes</Titulo>
            <Notas>la vida de un niño llamado Lázaro </Notas>
            <Cantidad>3</Cantidad>
            <Precio>15.51</Precio>
        </Libro>
        <Libro>
            <Titulo>Orgullo y prejuicio</Titulo>
            <Notas>la más famosa de las novelas de Jane Austen</Notas>
            <Cantidad>1</Cantidad>
            <Precio>17.60</Precio>
        </Libro>
 </Pedido>
</Pedidos>